<?xml version="1.0" encoding="UTF-8"?>
<beans xmlns="http://www.springframework.org/schema/beans"
	xmlns:xsi="http://www.w3.org/2001/XMLSchema-instance"
	xmlns:core="http://cxf.apache.org/core"
	xmlns:jaxws="http://cxf.apache.org/jaxws"
	xmlns:soap="http://cxf.apache.org/bindings/soap"
	xmlns:context="http://www.springframework.org/schema/context"
	xmlns:mvc="http://www.springframework.org/schema/mvc"
	xsi:schemaLocation="http://cxf.apache.org/jaxws http://cxf.apache.org/schemas/jaxws.xsd
		http://cxf.apache.org/core http://cxf.apache.org/schemas/core.xsd
		http://www.springframework.org/schema/beans http://www.springframework.org/schema/beans/spring-beans.xsd
		http://cxf.apache.org/bindings/soap http://cxf.apache.org/schemas/configuration/soap.xsd
		http://www.springframework.org/schema/context http://www.springframework.org/schema/context/spring-context.xsd
		 http://www.springframework.org/schema/mvc
        http://www.springframework.org/schema/mvc/spring-mvc-3.0.xsd">


<context:component-scan base-package="com.jsf.shale" />
		<mvc:annotation-driven />
		
<context:property-placeholder location="classpath:mysql_database.properties"></context:property-placeholder>
   
		
   <!-- <bean id="registrationService" class = "com.jsf.shale.service.RegistrationServiceImpl"></bean>
   <bean id="userService" class = "com.jsf.shale.service.UserServiceImpl"></bean>
   <bean id="loginService" class="com.jsf.shale.service.LoginServiceImpl"></bean> -->
   <bean id="loginctrl" class="com.jsf.shale.controller.LoginCotrollerImpl"></bean>
   <bean id="userctrl" class="com.jsf.shale.controller.UserControllerImpl"></bean>
</beans>