<!DOCTYPE dialogs PUBLIC
  "-//Apache Software Foundation//DTD Shale Dialog Configuration 1.1//EN"
  "http://shale.apache.org/dtds/dialog-config_1_1.dtd">

<dialogs>
	<!-- register new user -->
	<dialog name="Registration_dialog" start="registration_action">
		<action name="registration_action"
			method="#{registrationform.addUser}">
			<transition outcome="success" target="success_message" />
			<transition outcome="Email_Id_Duplicate_Entry"
				target="exists_message" />
			<transition outcome="Mobile_No_Duplicate_Entry"
				target="exists_message" />
			<transition outcome="failure" target="failure_message" />
		</action>

		<view viewId="failure_message" name="pages/failure.jsp">
			<transition outcome="signup" target="signup_page" />
		</view>
		<view name="signup_page" viewId="/pages/registration_form.jsp"></view>
		<end name="exists_message" viewId="/pages/registration_form.jsp" />
		<end name="success_message" viewId="/pages/success.jsp" />
	</dialog>

	<!-- add Employee -->

	<dialog name="addEmployee_dialog" start="addEmployee_action">
		<action name="addEmployee_action"
			method="#{registrationform.addEmployee}">
			<transition outcome="success" target="success_message" />
			<transition outcome="Email_Id_Duplicate_Entry"
				target="exists_message" />
			<transition outcome="Mobile_No_Duplicate_Entry"
				target="exists_message" />
			<transition outcome="failure" target="exists_message" />
		</action>

		<view viewId="failure_message" name="pages/failure.jsp">
			<transition outcome="signup" target="signup_page" />
		</view>
		<view name="signup_page" viewId="/pages/addEmployee.jsp"></view>
		<end name="exists_message" viewId="/pages/addEmployee.jsp" />
		<end name="success_message" viewId="/pages/welcome.jsp" />

	</dialog>

	<!-- login action -->

	<dialog name="Login_dialog" start="login_action">
		<action name="login_action" method="#{login.verify}">
			<transition outcome="success" target="success_message" />
			<transition outcome="invalidUser"
				target="invalidUser_message" />
			<transition outcome="unauthorizedUser"
				target="unauthorized_User_message" />
		</action>
		<end name="unauthorized_User_message" viewId="/pages/login.jsp" />
		<end name="invalidUser_message" viewId="/pages/login.jsp" />
		<end name="success_message" viewId="/pages/welcome.jsp" />
	</dialog>

	<!-- logout action -->

	<dialog name="Logout_dialog" start="logout_action">
		<action name="logout_action" method="#{login.logout}">
			<transition outcome="login" target="success_message" />
		</action>
		<end name="success_message" viewId="/pages/login.jsp" />
	</dialog>

	<!-- call for signup page -->

	<dialog name="signupPage" start="signupPage_action">
		<end name="signupPage_action"
			viewId="/pages/registration_form.jsp" />
	</dialog>

	<!-- call for welcome page -->

	<dialog name="welcomePage" start="welcomePage_action">
		<action name="welcomePage_action"
			method="#{registrationform.employeeDetails}">
			<transition outcome="list" target="emplist"></transition>
		</action>
		<end name="emplist" viewId="/pages/welcome.jsp" />
	</dialog>

	<!-- call for login page -->
	<dialog name="loginPage" start="loginPage_action">
		<end name="loginPage_action" viewId="/pages/login.jsp" />
	</dialog>
	<dialog name="addEmployeePage" start="addEmployeePage_action">
		<end name="addEmployeePage_action" viewId="/pages/addEmployee.jsp" />
	</dialog>


	<!-- Edit Operation -->

	<dialog name="editAction_dialog" start="edit_action">
		<action name="edit_action"
			method="#{registrationform.editAction(user)}">
			<transition outcome="success" target="success_message" />
		</action>
		<end name="success_message" viewId="/pages/editUser.jsp" />
	</dialog>

	<dialog name="update_dialog" start="update_action">
		<action name="update_action"
			method="#{registrationform.editUserRecord(registrationform.editUserData)}">
			<transition outcome="success" target="welcome_page" />
			<transition outcome="Email_Id_Duplicate_Entry"
				target="exists_message" />
			<transition outcome="Mobile_No_Duplicate_Entry"
				target="exists_message" />
		</action>
		<end name="exists_message" viewId="/pages/editUser.jsp" />
		<end name="welcome_page" viewId="/pages/welcome.jsp" />

	</dialog>

	<!-- delete operation -->

	<dialog name="deleteAction" start="del_action">
		<action name="del_action"
			method="#{registrationform.deleteUserRecord(user.id)}">
			<transition outcome="success" target="success_message" />
			<transition outcome="failure" target="failure_message" />
		</action>
		<end name="failure_message" viewId="/pages/welcome.jsp" />
		<end name="success_message" viewId="/pages/welcome.jsp" />
	</dialog>
</dialogs>