<?xml version="1.0" encoding="UTF-8"?>
<faces-config
   xmlns = "http://java.sun.com/xml/ns/javaee"
   xmlns:xsi = "http://www.w3.org/2001/XMLSchema-instance"
   xsi:schemaLocation = "http://java.sun.com/xml/ns/javaee 
   http://java.sun.com/xml/ns/javaee/web-facesconfig_2_1.xsd"
   version = "2.1"> 
   
 <application>
    <el-resolver>
        org.springframework.web.jsf.el.SpringBeanFacesELResolver
    </el-resolver>
    <locale-config>
      <default-locale>en</default-locale>
      <supported-locale>sv</supported-locale>
   </locale-config>
   
   <resource-bundle>
      <base-name>messages</base-name>
      <var>EMS</var>
   </resource-bundle>
</application>
     
     
    
    <managed-bean>
      <managed-bean-name>registrationform</managed-bean-name>
      <managed-bean-class>com.jsf.shale.User</managed-bean-class>
      <managed-bean-scope>session</managed-bean-scope>
      <managed-property>
         <property-name>userController</property-name>
         <value>#{userctrl}</value>
      </managed-property>
       <managed-property>
         <property-name>userList</property-name>
         <value>#{userList}</value>
      </managed-property>
   </managed-bean> 
   <managed-bean>
         <managed-bean-name>login</managed-bean-name>
      <managed-bean-class>com.jsf.shale.Login</managed-bean-class>
      <managed-bean-scope>session</managed-bean-scope>
      <managed-property>
         <property-name>logincontrol</property-name>
         <value>#{loginctrl}</value>
      </managed-property>
   </managed-bean> 
    <managed-bean>
         <managed-bean-name>localechanged</managed-bean-name>
      <managed-bean-class>com.jsf.shale.LocaleChange</managed-bean-class>
      <managed-bean-scope>session</managed-bean-scope>
   </managed-bean> 
   <managed-bean>
         <managed-bean-name>loginuser</managed-bean-name>
      <managed-bean-class>com.jsf.shale.util.SessionUtils</managed-bean-class>
      <managed-bean-scope>session</managed-bean-scope>
   </managed-bean> 
   <validator>
   <validator-id>emailvalidator</validator-id>
   <validator-class>com.jsf.shale.util.EmailValidator</validator-class>
   </validator>
   <validator>
        <validator-id>passwordValidator</validator-id>
        <validator-class>com.jsf.shale.util.PasswordValidator</validator-class>
    </validator>
 </faces-config>